,Gender,Married,Dependents,Education,Self Employed,Applicant Income,Coapplicant Income,Loan Amount,Term,Credit History,Area,Household Income,Total Yearly Debt,Debt to Income Ratio,Risk Level,Approval Status
0,Male,Yes,0.0,Graduate,No,572000,0,220000,360.0,1.0,Urban,572000,7333.333333333333,0.01282051282051282,Medium,Yes
1,Male,Yes,1.0,Graduate,No,307600,150000,252000,360.0,1.0,Urban,457600,8400.0,0.018356643356643356,Medium,Yes
2,Male,Yes,2.0,Graduate,No,500000,180000,416000,360.0,1.0,Urban,680000,13866.666666666666,0.020392156862745096,Medium,Yes
3,Male,Yes,2.0,Graduate,No,234000,254600,200000,360.0,0.0,Urban,488600,6666.666666666667,0.01364442625187611,High,No
4,Male,No,0.0,Not Graduate,No,327600,0,156000,360.0,1.0,Urban,327600,5200.0,0.015873015873015872,Medium,Yes
5,Male,Yes,0.0,Not Graduate,Yes,216500,342200,304000,360.0,1.0,Urban,558700,10133.333333333334,0.0181373426406539,Medium,Yes
6,Female,No,1.0,Not Graduate,No,222600,0,118000,360.0,1.0,Semiurban,222600,3933.3333333333335,0.01766996106618748,Medium,Yes
7,Male,Yes,2.0,Not Graduate,No,388100,0,294000,360.0,0.0,Rural,388100,9800.0,0.02525122391136305,High,No
8,Male,Yes,2.0,Graduate,,1363300,0,560000,240.0,1.0,Urban,1363300,28000.0,0.020538399471869726,Medium,Yes
9,Male,No,0.0,Not Graduate,No,240000,240000,246000,360.0,1.0,Semiurban,480000,8200.0,0.017083333333333332,Medium,Yes
10,Male,No,0.0,Not Graduate,No,309100,0,180000,360.0,1.0,Urban,309100,6000.0,0.019411193788417987,Medium,Yes
11,Male,Yes,1.0,Graduate,,218500,151600,324000,360.0,1.0,Semiurban,370100,10800.0,0.02918130235071602,Medium,Yes
12,Male,No,3.0,Graduate,No,416600,0,80000,180.0,0.0,Urban,416600,5333.333333333333,0.012802048327732437,High,No
13,Male,Yes,2.0,Graduate,,1217300,0,332000,360.0,0.0,Semiurban,1217300,11066.666666666666,0.009091158027328239,High,No
14,Female,No,0.0,Graduate,No,466600,0,248000,360.0,1.0,Semiurban,466600,8266.666666666666,0.017716816688098297,Medium,Yes
15,Male,No,1.0,Graduate,No,566700,0,262000,360.0,1.0,Urban,566700,8733.333333333334,0.01541085818481266,Medium,Yes
16,Male,Yes,2.0,Graduate,No,458300,291600,400000,360.0,1.0,Urban,749900,13333.333333333334,0.017780148464239677,Medium,Yes
17,Male,Yes,3.0,Graduate,No,378600,33300,252000,360.0,1.0,Semiurban,411900,8400.0,0.02039329934450109,Medium,Yes
18,Male,Yes,0.0,Graduate,No,922600,791600,600000,360.0,1.0,Urban,1714200,20000.0,0.011667250029168125,Medium,Yes
19,Male,No,0.0,Graduate,No,130000,347000,200000,180.0,1.0,Semiurban,477000,13333.333333333334,0.027952480782669462,Medium,Yes
20,Male,Yes,1.0,Not Graduate,No,188800,162000,96000,360.0,1.0,Urban,350800,3200.0,0.009122006841505131,Medium,Yes
21,Female,No,4.0,Not Graduate,No,208300,0,56000,180.0,1.0,Urban,208300,3733.3333333333335,0.017922867658825413,Medium,Yes
22,,No,0.0,Graduate,No,390900,0,202000,360.0,1.0,Urban,390900,6733.333333333333,0.017225206787754754,Medium,Yes
23,Female,No,0.0,Not Graduate,No,376500,0,250000,360.0,1.0,Urban,376500,8333.333333333334,0.02213368747233289,Medium,Yes
24,Male,Yes,0.0,Graduate,No,540000,438000,580000,360.0,1.0,Urban,978000,19333.333333333332,0.01976823449216087,Medium,Yes
25,Male,No,0.0,Graduate,No,0,2400000,296000,360.0,0.0,Rural,2400000,9866.666666666666,0.0041111111111111105,High,No
26,Male,Yes,2.0,Graduate,No,436300,125000,280000,360.0,0.0,Urban,561300,9333.333333333334,0.01662806579963181,High,No
27,Male,Yes,0.0,Graduate,No,750000,375000,550000,360.0,1.0,Urban,1125000,18333.333333333332,0.016296296296296295,Medium,Yes
28,Male,Yes,0.0,Graduate,No,377200,83300,114000,360.0,0.0,Semiurban,460500,3800.0,0.008251900108577633,High,No
29,Male,No,0.0,Graduate,No,294200,238200,250000,180.0,1.0,Urban,532400,16666.666666666668,0.03130478337089908,Medium,Yes
30,Female,No,0.0,Not Graduate,No,247800,0,150000,360.0,1.0,Semiurban,247800,5000.0,0.020177562550443905,Medium,Yes
31,Male,Yes,2.0,Graduate,No,625000,82000,384000,360.0,1.0,Urban,707000,12800.0,0.018104667609618104,Medium,Yes
32,Male,No,0.0,Graduate,No,326800,168300,304000,360.0,1.0,Semiurban,495100,10133.333333333334,0.02046724567427456,Medium,Yes
33,Male,Yes,0.0,Graduate,No,278300,270800,316000,360.0,1.0,Urban,549100,10533.333333333334,0.01918290536028653,Medium,Yes
34,Male,Yes,0.0,Graduate,No,274000,154100,202000,360.0,1.0,Urban,428100,6733.333333333333,0.015728412364712292,Medium,Yes
35,Male,No,0.0,Graduate,No,315000,0,352000,360.0,0.0,Semiurban,315000,11733.333333333334,0.03724867724867725,High,No
36,Male,Yes,2.0,Graduate,,735000,402900,370000,180.0,1.0,Urban,1137900,24666.666666666668,0.021677358877464335,Medium,Yes
37,Male,Yes,0.0,Graduate,Yes,226700,279200,180000,360.0,1.0,Urban,505900,6000.0,0.011860051393556038,Medium,Yes
38,Male,No,0.0,Graduate,Yes,583300,0,232000,360.0,1.0,Urban,583300,7733.333333333333,0.013257900451454368,Medium,Yes
39,Male,No,0.0,Graduate,No,364300,196300,276000,360.0,1.0,Urban,560600,9200.0,0.01641098822689975,Medium,Yes
40,Male,Yes,0.0,Graduate,No,562900,81800,200000,360.0,1.0,Urban,644700,6666.666666666667,0.010340726953104803,Medium,Yes
41,Female,No,0.0,Graduate,No,364400,0,220000,360.0,1.0,Urban,364400,7333.333333333333,0.020124405415294547,Medium,Yes
42,Male,Yes,0.0,Not Graduate,No,175000,202400,180000,360.0,1.0,Semiurban,377400,6000.0,0.01589825119236884,Medium,Yes
43,Male,No,0.0,Graduate,No,650000,260000,400000,360.0,1.0,Semiurban,910000,13333.333333333334,0.014652014652014652,Medium,Yes
44,Female,No,0.0,Graduate,No,366600,0,168000,360.0,1.0,Urban,366600,5600.0,0.015275504637206765,Medium,Yes
45,Male,Yes,0.0,Graduate,No,426000,390000,370000,,0.0,Urban,816000,,,High,No
46,Male,Yes,,Not Graduate,No,416300,147500,324000,360.0,1.0,Urban,563800,10800.0,0.01915572898190848,Medium,Yes
47,Male,No,0.0,Not Graduate,No,235600,190200,216000,360.0,1.0,Semiurban,425800,7200.0,0.016909347111319868,Medium,Yes
48,Male,No,0.0,Graduate,No,679200,333800,374000,,1.0,Urban,1013000,,,Low,Yes
49,Male,Yes,4.0,Not Graduate,Yes,800000,25000,374000,360.0,1.0,Semiurban,825000,12466.666666666666,0.01511111111111111,Medium,Yes
50,Male,Yes,1.0,Graduate,No,241900,170700,248000,360.0,1.0,Urban,412600,8266.666666666666,0.02003554693811601,Medium,Yes
51,,Yes,4.0,Not Graduate,No,350000,83300,240000,360.0,1.0,Semiurban,433300,8000.0,0.018462958689129932,Medium,Yes
52,Male,Yes,1.0,Graduate,No,350000,307700,320000,360.0,1.0,Semiurban,657700,10666.666666666666,0.016218133900968018,Medium,Yes
53,Male,Yes,2.0,Graduate,No,411600,100000,60000,180.0,1.0,Urban,511600,4000.0,0.007818608287724784,Medium,Yes
54,Male,Yes,0.0,Not Graduate,Yes,529300,0,184000,360.0,1.0,Urban,529300,6133.333333333333,0.011587631462938472,Medium,Yes
55,Male,No,0.0,Graduate,No,275000,0,260000,360.0,0.0,Urban,275000,8666.666666666666,0.03151515151515151,High,No
56,Female,No,0.0,Not Graduate,No,440200,0,260000,360.0,1.0,Rural,440200,8666.666666666666,0.01968802059669847,Medium,Yes
57,Male,Yes,2.0,Graduate,No,361300,353900,268000,180.0,1.0,Semiurban,715200,17866.666666666668,0.024981357196122298,Medium,Yes
58,Female,Yes,2.0,Graduate,No,277900,366400,352000,360.0,0.0,Semiurban,644300,11733.333333333334,0.018210978322727507,High,No
59,Male,Yes,3.0,Graduate,No,472000,0,180000,180.0,1.0,Semiurban,472000,12000.0,0.025423728813559324,Medium,Yes
60,Male,Yes,0.0,Not Graduate,No,241500,172100,220000,360.0,1.0,Semiurban,413600,7333.333333333333,0.017730496453900707,Medium,Yes
61,Male,Yes,0.0,Graduate,Yes,701600,29200,250000,360.0,1.0,Urban,730800,8333.333333333334,0.011403028644407955,Medium,Yes
62,Female,No,2.0,Graduate,No,496800,0,378000,360.0,1.0,Semiurban,496800,12600.0,0.025362318840579712,Medium,Yes
63,Female,No,0.0,Graduate,No,210100,150000,216000,360.0,0.0,Rural,360100,7200.0,0.01999444598722577,High,No
64,Male,Yes,3.0,Not Graduate,No,449000,0,250000,360.0,1.0,Urban,449000,8333.333333333334,0.018559762435040834,Medium,Yes
65,Male,Yes,0.0,Graduate,No,291700,358300,276000,360.0,1.0,Semiurban,650000,9200.0,0.014153846153846154,Medium,Yes
66,Male,Yes,0.0,Not Graduate,No,470000,0,270000,360.0,0.0,Semiurban,470000,9000.0,0.019148936170212766,High,No
67,Male,Yes,0.0,Graduate,No,344500,0,260000,360.0,0.0,Semiurban,344500,8666.666666666666,0.025157232704402514,High,No
68,Male,Yes,0.0,Graduate,No,766600,0,374000,360.0,1.0,Semiurban,766600,12466.666666666666,0.016262283676841464,Medium,Yes
69,Male,Yes,0.0,Graduate,No,245800,510500,376000,360.0,0.0,Rural,756300,12533.333333333334,0.016571907091542156,High,No
70,Female,No,,Graduate,No,325000,0,190000,360.0,1.0,Semiurban,325000,6333.333333333333,0.019487179487179485,Medium,Yes
71,Male,No,0.0,Graduate,No,446300,0,130000,360.0,1.0,Semiurban,446300,4333.333333333333,0.009709462992008365,Medium,Yes
72,Male,Yes,1.0,Graduate,,408300,177500,278000,60.0,1.0,Urban,585800,55600.0,0.09491293956981905,Medium,Yes
73,Male,Yes,0.0,Graduate,Yes,390000,209400,464000,360.0,1.0,Rural,599400,15466.666666666666,0.025803581359136914,Medium,Yes
74,Male,Yes,0.0,Not Graduate,No,475000,358300,288000,360.0,1.0,Semiurban,833300,9600.0,0.011520460818432738,Medium,Yes
75,Male,No,0.0,Graduate,No,358300,343500,310000,360.0,1.0,Urban,701800,10333.333333333334,0.014724042937209083,Medium,Yes
76,Male,Yes,0.0,Graduate,No,318900,236700,372000,360.0,1.0,Urban,555600,12400.0,0.022318214542836574,Medium,Yes
77,Male,No,0.0,Graduate,Yes,635600,0,100000,360.0,1.0,Rural,635600,3333.3333333333335,0.005244388504300399,Medium,Yes
78,Male,Yes,1.0,Graduate,No,341300,405300,0,360.0,1.0,Semiurban,746600,0.0,0.0,Medium,Yes
79,Female,Yes,0.0,Graduate,No,795000,0,370000,360.0,1.0,Urban,795000,12333.333333333334,0.015513626834381553,Medium,Yes
80,Male,Yes,5.0,Graduate,No,382900,110300,326000,360.0,0.0,Urban,493200,10866.666666666666,0.022032981886996483,High,No
81,Male,Yes,3.0,Graduate,No,7252900,0,720000,360.0,1.0,Urban,7252900,24000.0,0.0033090212190985675,Medium,Yes
82,Male,Yes,2.0,Not Graduate,No,413600,0,298000,480.0,0.0,Rural,413600,7450.0,0.01801257253384913,High,No
83,Male,Yes,0.0,Graduate,No,844900,0,514000,360.0,1.0,Rural,844900,17133.333333333332,0.020278533948790783,Medium,Yes
84,Male,Yes,0.0,Graduate,No,445600,0,262000,180.0,0.0,Semiurban,445600,17466.666666666668,0.039198084979054464,High,No
85,Male,Yes,2.0,Graduate,No,463500,800000,204000,180.0,1.0,Rural,1263500,13600.0,0.010763751483973091,Medium,Yes
86,Male,Yes,0.0,Graduate,No,357100,191700,270000,360.0,1.0,Urban,548800,9000.0,0.01639941690962099,Medium,Yes
87,Male,No,0.0,Graduate,No,306600,0,190000,360.0,1.0,Semiurban,306600,6333.333333333333,0.02065666449228093,Medium,Yes
88,Male,No,2.0,Not Graduate,No,323500,201500,154000,360.0,1.0,Semiurban,525000,5133.333333333333,0.009777777777777778,Medium,Yes
89,Female,No,0.0,Graduate,,505800,0,400000,360.0,1.0,Rural,505800,13333.333333333334,0.026360880453407145,Medium,Yes
90,Male,Yes,0.0,Graduate,Yes,318800,228600,260000,360.0,0.0,Rural,547400,8666.666666666666,0.015832419924491536,High,No
91,Male,Yes,4.0,Graduate,No,1351800,0,780000,360.0,1.0,Rural,1351800,26000.0,0.019233614440005917,Medium,Yes
92,Male,Yes,1.0,Graduate,No,436400,250000,370000,360.0,1.0,Semiurban,686400,12333.333333333334,0.017968142968142968,Medium,Yes
93,Male,Yes,2.0,Not Graduate,No,476600,164600,200000,360.0,1.0,Semiurban,641200,6666.666666666667,0.010397171969224371,Medium,Yes
94,Male,Yes,1.0,Graduate,No,460900,233300,246000,360.0,0.0,Semiurban,694200,8200.0,0.01181215787957361,High,No
95,Female,Yes,3.0,Graduate,No,626000,0,220000,360.0,1.0,Semiurban,626000,7333.333333333333,0.011714589989350372,Medium,Yes
96,Male,Yes,1.0,Graduate,No,333300,420000,512000,360.0,1.0,Urban,753300,17066.666666666668,0.02265586972874906,Medium,Yes
97,Male,Yes,0.0,Graduate,No,350000,325000,280000,360.0,1.0,Semiurban,675000,9333.333333333334,0.013827160493827161,Medium,Yes
98,Male,Yes,3.0,Graduate,No,971900,0,122000,360.0,1.0,Urban,971900,4066.6666666666665,0.004184243920842336,Medium,Yes
99,Male,Yes,3.0,Graduate,No,683500,0,376000,360.0,0.0,Semiurban,683500,12533.333333333334,0.018336990977810292,High,No
100,Male,No,0.0,Graduate,No,445200,0,262000,360.0,1.0,Rural,445200,8733.333333333334,0.019616651692123392,Medium,Yes
101,Female,Yes,0.0,Graduate,No,226200,0,0,480.0,0.0,Semiurban,226200,0.0,0.0,High,No
102,Male,Yes,1.0,Graduate,No,390100,0,232000,360.0,1.0,Urban,390100,7733.333333333333,0.019823976758096214,Medium,Yes
103,Male,Yes,2.0,Not Graduate,No,268700,0,100000,180.0,1.0,Rural,268700,6666.666666666667,0.024810817516437166,Medium,Yes
104,Male,No,0.0,Graduate,No,224300,223300,214000,360.0,0.0,Semiurban,447600,7133.333333333333,0.01593684837652666,High,No
105,Female,Yes,0.0,Graduate,No,341700,128700,400000,360.0,1.0,Semiurban,470400,13333.333333333334,0.02834467120181406,Medium,Yes
106,,No,0.0,Graduate,No,159600,176000,238000,360.0,0.0,Urban,335600,7933.333333333333,0.023639253079062374,High,No
107,Male,Yes,3.0,Graduate,No,451300,0,240000,360.0,1.0,Rural,451300,8000.0,0.017726567693330378,Medium,Yes
108,Male,Yes,0.0,Graduate,No,450000,0,280000,360.0,1.0,Semiurban,450000,9333.333333333334,0.020740740740740744,Medium,Yes
109,Male,Yes,0.0,Not Graduate,No,452300,135000,330000,360.0,1.0,Urban,587300,11000.0,0.018729780350757706,Medium,Yes
110,Female,No,0.0,Graduate,Yes,474200,0,216000,360.0,1.0,Semiurban,474200,7200.0,0.015183466891606916,Medium,Yes
111,Male,Yes,,Graduate,No,408200,0,186000,360.0,1.0,Semiurban,408200,6200.0,0.015188633023027927,Medium,Yes
112,Female,No,0.0,Graduate,No,341700,0,204000,360.0,1.0,Urban,341700,6800.0,0.01990049751243781,Medium,Yes
113,Female,Yes,2.0,Graduate,No,292200,339600,244000,360.0,1.0,Semiurban,631800,8133.333333333333,0.012873272132531392,Medium,Yes
114,Male,Yes,0.0,Graduate,No,416700,475400,320000,360.0,1.0,Rural,892100,10666.666666666666,0.01195680603818705,Medium,Yes
115,Male,No,3.0,Graduate,No,424300,412300,314000,360.0,0.0,Semiurban,836600,10466.666666666666,0.012510957048370387,High,No
116,Female,No,0.0,Not Graduate,No,0,176000,360000,360.0,1.0,Semiurban,176000,12000.0,0.06818181818181818,Medium,Yes
117,Male,Yes,1.0,Graduate,No,151600,290000,160000,,0.0,Rural,441600,,,High,No
118,Female,No,0.0,Graduate,No,176200,266600,208000,360.0,0.0,Urban,442800,6933.333333333333,0.015657934357121348,High,No
119,Male,Yes,2.0,Graduate,No,72400,351000,426000,360.0,0.0,Rural,423400,14200.0,0.03353802550779405,High,No
120,Male,No,0.0,Graduate,No,312500,0,130000,360.0,1.0,Urban,312500,4333.333333333333,0.013866666666666666,Medium,Yes
121,Male,Yes,0.0,Graduate,No,233300,380300,292000,360.0,1.0,Rural,613600,9733.333333333334,0.01586266840504129,Medium,Yes
122,Male,Yes,5.0,Graduate,No,335000,156000,270000,360.0,1.0,Urban,491000,9000.0,0.018329938900203666,Medium,Yes
123,Male,No,0.0,Graduate,No,250000,641400,374000,360.0,0.0,Rural,891400,12466.666666666666,0.013985490987959015,High,No
124,Female,No,0.0,Graduate,No,1250000,0,600000,360.0,0.0,Urban,1250000,20000.0,0.016,High,No
125,Male,No,0.0,Graduate,No,466700,0,240000,360.0,1.0,Semiurban,466700,8000.0,0.017141632740518536,Medium,Yes
126,Male,No,0.0,Graduate,No,650000,0,142000,360.0,0.0,Urban,650000,4733.333333333333,0.007282051282051282,High,No
127,Male,Yes,2.0,Graduate,No,750000,0,450000,360.0,1.0,Urban,750000,15000.0,0.02,Medium,Yes
128,Male,No,0.0,Graduate,No,307300,0,140000,180.0,1.0,Urban,307300,9333.333333333334,0.030372057706909646,Medium,Yes
129,Male,Yes,1.0,Not Graduate,No,332100,208800,140000,,1.0,Semiurban,540900,,,Low,Yes
130,Male,Yes,0.0,Graduate,No,333300,127000,248000,360.0,1.0,Urban,460300,8266.666666666666,0.017959301904555,Medium,Yes
131,Male,No,0.0,Graduate,No,339100,0,264000,360.0,1.0,Rural,339100,8800.0,0.025951046888823357,Medium,Yes
132,Male,Yes,1.0,Graduate,Yes,334300,151700,210000,360.0,1.0,Rural,486000,7000.0,0.01440329218106996,Medium,Yes
133,Female,No,1.0,Graduate,No,362000,0,180000,360.0,1.0,Urban,362000,6000.0,0.016574585635359115,Medium,Yes
134,Male,No,0.0,Graduate,No,400000,0,166000,84.0,1.0,Urban,400000,23714.285714285714,0.05928571428571428,Medium,Yes
135,Male,Yes,0.0,Graduate,No,425800,0,250000,360.0,1.0,Urban,425800,8333.333333333334,0.019571003601064663,Medium,Yes
136,Male,Yes,2.0,Graduate,No,450000,0,294000,360.0,1.0,Rural,450000,9800.0,0.021777777777777778,Medium,Yes
137,Male,Yes,1.0,Graduate,No,201400,292500,240000,360.0,1.0,Rural,493900,8000.0,0.01619761085239927,Medium,Yes
138,,No,,Graduate,No,333300,125000,220000,360.0,1.0,Semiurban,458300,7333.333333333333,0.01600116372099789,Medium,Yes
139,Female,No,3.0,Graduate,No,408300,0,206000,360.0,0.0,Semiurban,408300,6866.666666666667,0.016817699404032983,High,No
140,Male,No,0.0,Graduate,No,472700,0,300000,360.0,0.0,Rural,472700,10000.0,0.02115506663845991,High,No
141,Male,Yes,4.0,Graduate,No,308900,299900,200000,240.0,1.0,Rural,608800,10000.0,0.0164257555847569,Medium,Yes
142,Male,Yes,8.0,Not Graduate,,679400,52800,278000,360.0,0.0,Urban,732200,9266.666666666666,0.012655922789766,High,No
143,Male,Yes,0.0,Graduate,Yes,3200000,0,1100000,360.0,0.0,Semiurban,3200000,36666.666666666664,0.011458333333333333,High,No
144,Male,Yes,2.0,Graduate,Yes,1089000,0,520000,12.0,1.0,Rural,1089000,520000.0,0.47750229568411384,High,No
145,Female,No,0.0,Graduate,No,1294100,0,300000,300.0,1.0,Urban,1294100,12000.0,0.009272853720732556,Medium,Yes
146,Male,No,0.0,Not Graduate,No,327600,0,180000,360.0,1.0,Semiurban,327600,6000.0,0.018315018315018316,Medium,Yes
147,Male,No,0.0,Not Graduate,Yes,870300,0,398000,360.0,0.0,Rural,870300,13266.666666666666,0.015243785667777393,High,No
148,Male,Yes,1.0,Graduate,No,474200,71700,278000,360.0,1.0,Semiurban,545900,9266.666666666666,0.016975025951028882,Medium,Yes
149,Male,No,0.0,Graduate,No,590000,0,300000,360.0,1.0,Urban,590000,10000.0,0.01694915254237288,Medium,Yes
150,Male,No,0.0,Graduate,No,307100,430900,360000,360.0,1.0,Urban,738000,12000.0,0.016260162601626018,Medium,Yes
151,Male,Yes,0.0,Graduate,No,278300,145600,226000,360.0,1.0,Urban,423900,7533.333333333333,0.017771486985924352,Medium,Yes
152,Male,No,0.0,Graduate,No,500000,0,296000,360.0,1.0,Rural,500000,9866.666666666666,0.019733333333333332,Medium,Yes
153,Male,Yes,1.0,Not Graduate,No,246300,236000,234000,360.0,0.0,Urban,482300,7800.0,0.016172506738544475,High,No
154,Male,Yes,2.0,Graduate,No,485500,0,144000,360.0,1.0,Rural,485500,4800.0,0.009886714727085478,Medium,Yes
155,Male,No,0.0,Not Graduate,Yes,159900,247400,250000,300.0,1.0,Semiurban,407300,10000.0,0.024551927326295114,Medium,Yes
156,Male,Yes,2.0,Graduate,Yes,424600,424600,428000,360.0,1.0,Urban,849200,14266.666666666666,0.016800125608415765,Medium,Yes
157,Male,Yes,0.0,Graduate,No,433300,229100,266000,350.0,1.0,Rural,662400,9120.0,0.013768115942028985,Medium,Yes
158,Male,No,1.0,Graduate,No,582300,252900,374000,360.0,1.0,Semiurban,835200,12466.666666666666,0.014926564495530013,Medium,Yes
159,Male,Yes,0.0,Not Graduate,No,789500,0,286000,360.0,1.0,Rural,789500,9533.333333333334,0.012075153050453875,Medium,Yes
160,Male,No,0.0,Graduate,No,415000,425600,418000,360.0,1.0,Rural,840600,13933.333333333334,0.016575461971607582,Medium,Yes
161,Male,No,0.0,Graduate,,296400,0,168000,360.0,0.0,Semiurban,296400,5600.0,0.018893387314439947,High,No
162,Male,No,0.0,Graduate,No,558300,0,232000,360.0,1.0,Urban,558300,7733.333333333333,0.013851573228252433,Medium,Yes
163,Female,No,0.0,Graduate,No,270800,0,130000,360.0,1.0,Rural,270800,4333.333333333333,0.016001969473165928,Medium,Yes
164,Male,No,1.0,Graduate,No,318000,237000,160000,240.0,0.0,Rural,555000,8000.0,0.014414414414414415,High,No
165,Male,No,0.0,Not Graduate,No,226800,0,340000,360.0,0.0,Semiurban,226800,11333.333333333334,0.04997060552616108,High,No
166,Male,No,2.0,Not Graduate,No,114100,201700,240000,360.0,0.0,Urban,315800,8000.0,0.0253324889170361,High,No
167,Male,Yes,0.0,Graduate,No,304200,316700,270000,360.0,1.0,Urban,620900,9000.0,0.01449508777580931,Medium,Yes
168,Female,Yes,3.0,Graduate,,175000,293500,188000,360.0,0.0,Semiurban,468500,6266.666666666667,0.013376022767698328,High,No
169,Female,Yes,1.0,Graduate,No,356400,0,158000,360.0,1.0,Rural,356400,5266.666666666667,0.014777403666292556,Medium,Yes
170,Female,No,0.0,Graduate,No,395800,0,220000,360.0,1.0,Rural,395800,7333.333333333333,0.018527876031665825,Medium,Yes
171,Male,Yes,2.0,Not Graduate,No,448300,0,260000,360.0,1.0,Rural,448300,8666.666666666666,0.019332292363744515,Medium,Yes
172,Male,Yes,0.0,Graduate,No,522500,0,286000,360.0,1.0,Rural,522500,9533.333333333334,0.01824561403508772,Medium,Yes
173,Male,No,0.0,Graduate,No,301700,284500,318000,180.0,0.0,Urban,586200,21200.0,0.03616513135448653,High,No
174,Male,Yes,0.0,Not Graduate,No,243100,182000,220000,360.0,0.0,Rural,425100,7333.333333333333,0.017250842938916332,High,No
175,Male,Yes,2.0,Graduate,,491200,461400,320000,360.0,1.0,Rural,952600,10666.666666666666,0.01119742459234376,Medium,Yes
176,Male,Yes,2.0,Not Graduate,No,250000,333300,262000,360.0,1.0,Urban,583300,8733.333333333334,0.014972284130521745,Medium,Yes
177,Female,No,0.0,Graduate,No,291800,0,130000,360.0,0.0,Rural,291800,4333.333333333333,0.014850354123829106,High,No
178,Male,Yes,2.0,Graduate,No,512800,0,286000,360.0,1.0,Rural,512800,9533.333333333334,0.01859074362974519,Medium,Yes
179,Male,Yes,3.0,Graduate,No,1531200,0,374000,360.0,0.0,Urban,1531200,12466.666666666666,0.008141762452107279,High,No
180,Male,Yes,2.0,Graduate,No,395800,263200,320000,360.0,1.0,Semiurban,659000,10666.666666666666,0.01618614061709661,Medium,Yes
181,Male,Yes,0.0,Graduate,No,433400,294500,330000,360.0,1.0,Semiurban,727900,11000.0,0.015111965929385905,Medium,Yes
182,Male,Yes,2.0,Graduate,No,435800,0,220000,360.0,1.0,Urban,435800,7333.333333333333,0.016827290806180204,Medium,Yes
183,Female,Yes,1.0,Graduate,No,400000,391700,346000,360.0,1.0,Rural,791700,11533.333333333334,0.014567807671255949,Medium,Yes
184,Male,Yes,3.0,Graduate,No,1016600,75000,300000,,1.0,Urban,1091600,,,Low,Yes
185,Male,Yes,0.0,Not Graduate,No,448300,0,270000,360.0,0.0,Semiurban,448300,9000.0,0.02007584207004238,High,No
186,Male,Yes,2.0,Not Graduate,No,452100,118400,300000,360.0,1.0,Semiurban,570500,10000.0,0.017528483786152498,Medium,Yes
187,Male,Yes,2.0,Graduate,No,916700,0,470000,360.0,1.0,Semiurban,916700,15666.666666666666,0.01709028762590451,Medium,Yes
188,Male,Yes,0.0,Not Graduate,No,1308300,0,0,360.0,1.0,Rural,1308300,0.0,0.0,Medium,Yes
189,Male,Yes,2.0,Graduate,No,787400,396700,672000,360.0,1.0,Rural,1184100,22400.0,0.018917321172198295,Medium,Yes
190,Female,Yes,1.0,Graduate,No,433300,0,264000,84.0,1.0,Rural,433300,37714.28571428572,0.08703966239161255,Medium,Yes
191,Male,No,0.0,Graduate,No,408300,0,192000,360.0,1.0,Urban,408300,6400.0,0.015674748959098702,Medium,Yes
192,Male,Yes,2.0,Not Graduate,,378500,291200,360000,360.0,0.0,Rural,669700,12000.0,0.01791847095714499,High,No
193,Male,Yes,3.0,Not Graduate,No,265400,199800,256000,360.0,0.0,Rural,465200,8533.333333333334,0.01834336486099169,High,No
194,Male,Yes,1.0,Graduate,No,1000000,269000,824000,360.0,1.0,Semiurban,1269000,27466.666666666668,0.02164433937483583,Medium,Yes
195,Male,No,0.0,Graduate,Yes,583300,0,232000,360.0,1.0,Urban,583300,7733.333333333333,0.013257900451454368,Medium,Yes
196,Male,Yes,1.0,Graduate,No,479600,0,228000,360.0,0.0,Semiurban,479600,7600.0,0.0158465387823186,High,No
197,Male,Yes,0.0,Not Graduate,No,200000,160000,230000,360.0,1.0,Rural,360000,7666.666666666667,0.021296296296296296,Medium,Yes
198,Male,Yes,2.0,Graduate,No,254000,70000,208000,360.0,0.0,Urban,324000,6933.333333333333,0.02139917695473251,High,No
199,Male,Yes,0.0,Graduate,Yes,190000,144200,176000,360.0,1.0,Rural,334200,5866.666666666667,0.017554358667464593,Medium,Yes
200,Male,Yes,0.0,Graduate,Yes,870600,0,216000,480.0,1.0,Rural,870600,5400.0,0.006202618883528601,Medium,Yes
201,Male,Yes,3.0,Not Graduate,No,285500,54200,180000,360.0,1.0,Urban,339700,6000.0,0.01766264350897851,Medium,Yes
202,Male,Yes,,Graduate,No,301600,130000,200000,360.0,0.0,Urban,431600,6666.666666666667,0.015446400988569664,High,No
203,Female,Yes,0.0,Graduate,No,315900,237400,216000,360.0,1.0,Semiurban,553300,7200.0,0.013012832098319176,Medium,Yes
204,Female,No,0.0,Graduate,No,193700,115200,156000,360.0,1.0,Semiurban,308900,5200.0,0.016833926837164132,Medium,Yes
205,Male,Yes,0.0,Graduate,No,261300,241700,246000,360.0,1.0,Semiurban,503000,8200.0,0.016302186878727636,Medium,Yes
206,Male,Yes,1.0,Graduate,No,496000,260000,374000,360.0,1.0,Semiurban,756000,12466.666666666666,0.016490299823633155,Medium,Yes
207,Male,Yes,1.0,Graduate,No,307400,108300,292000,360.0,1.0,Semiurban,415700,9733.333333333334,0.023414321225242563,Medium,Yes
208,Female,No,0.0,Graduate,No,421300,0,160000,360.0,1.0,Urban,421300,5333.333333333333,0.012659229369412136,Medium,Yes
209,,No,1.0,Not Graduate,No,203800,402700,200000,360.0,1.0,Rural,606500,6666.666666666667,0.010992030777686177,Medium,Yes
210,Female,No,0.0,Graduate,No,236200,0,110000,360.0,1.0,Urban,236200,3666.6666666666665,0.015523567598080722,Medium,Yes
211,Male,No,0.0,Graduate,No,533300,240000,400000,360.0,0.0,Rural,773300,13333.333333333334,0.0172421225052804,High,No
212,Male,Yes,4.0,Graduate,Yes,538400,0,300000,360.0,1.0,Semiurban,538400,10000.0,0.018573551263001486,Medium,Yes
213,Male,No,0.0,Graduate,No,570800,0,300000,360.0,1.0,Rural,570800,10000.0,0.01751927119831815,Medium,Yes
214,Male,Yes,0.0,Not Graduate,No,375400,371900,236000,,1.0,Rural,747300,,,Low,Yes
215,Male,Yes,0.0,Not Graduate,No,291400,213000,300000,300.0,1.0,Urban,504400,12000.0,0.023790642347343377,Medium,Yes
216,Male,Yes,0.0,Not Graduate,No,274700,245800,236000,36.0,1.0,Semiurban,520500,78666.66666666667,0.15113672750560359,Medium,Yes
217,Male,Yes,0.0,Graduate,No,783000,218300,424000,360.0,1.0,Rural,1001300,14133.333333333334,0.014114983854322714,Medium,Yes
218,Male,Yes,1.0,Graduate,Yes,350700,314800,424000,360.0,1.0,Rural,665500,14133.333333333334,0.021237165038817934,Medium,Yes
219,Male,Yes,1.0,Graduate,No,374700,213900,250000,360.0,1.0,Urban,588600,8333.333333333334,0.01415788877562578,Medium,Yes
220,Male,Yes,0.0,Graduate,No,216600,216600,216000,360.0,0.0,Urban,433200,7200.0,0.01662049861495845,High,No
221,Male,Yes,0.0,Not Graduate,No,350000,216800,298000,360.0,1.0,Rural,566800,9933.333333333334,0.017525288167490004,Medium,Yes
222,Male,Yes,2.0,Not Graduate,No,289600,0,160000,480.0,1.0,Urban,289600,4000.0,0.013812154696132596,Medium,Yes
223,Female,No,1.0,Graduate,No,506200,0,304000,300.0,1.0,Rural,506200,12160.0,0.02402212564203872,Medium,Yes
224,Female,No,2.0,Graduate,Yes,518400,0,374000,360.0,0.0,Semiurban,518400,12466.666666666666,0.02404835390946502,High,No
225,Female,No,0.0,Graduate,No,254500,0,148000,360.0,1.0,Urban,254500,4933.333333333333,0.019384413883431564,Medium,Yes
226,Male,Yes,0.0,Graduate,No,255300,176800,204000,360.0,1.0,Urban,432100,6800.0,0.015737097894006017,Medium,Yes
227,Male,Yes,1.0,Graduate,No,343600,380900,200000,360.0,1.0,Rural,724500,6666.666666666667,0.009201748332183115,Medium,Yes
228,Male,No,0.0,Graduate,No,241200,275500,260000,360.0,1.0,Rural,516700,8666.666666666666,0.016773111412166957,Medium,Yes
229,Male,Yes,4.0,Not Graduate,No,518000,0,250000,360.0,0.0,Urban,518000,8333.333333333334,0.016087516087516088,High,No
230,Male,No,0.0,Graduate,No,1491100,1450700,260000,360.0,1.0,Semiurban,2941800,8666.666666666666,0.0029460421057402497,Medium,Yes
231,,No,0.0,Graduate,Yes,286000,298800,276000,360.0,1.0,Urban,584800,9200.0,0.01573187414500684,Medium,Yes
232,Male,Yes,0.0,Graduate,No,117300,159400,56000,180.0,1.0,Rural,276700,3733.3333333333335,0.013492350319238646,Medium,Yes
233,Female,No,1.0,Graduate,No,760000,0,184000,360.0,1.0,Semiurban,760000,6133.333333333333,0.008070175438596491,Medium,Yes
234,Female,Yes,0.0,Graduate,No,215700,178800,208000,360.0,1.0,Urban,394500,6933.333333333333,0.017574989438107307,Medium,Yes
235,Male,No,0.0,Graduate,No,223100,277400,352000,360.0,0.0,Urban,500500,11733.333333333334,0.023443223443223443,High,No
236,Female,No,0.0,Graduate,No,227400,521100,234000,360.0,0.0,Semiurban,748500,7800.0,0.010420841683366733,High,No
237,Male,Yes,2.0,Not Graduate,No,616600,1398300,204000,360.0,1.0,Rural,2014900,6800.0,0.003374857313018016,Medium,Yes
238,Male,Yes,2.0,Not Graduate,No,251300,111000,214000,360.0,1.0,Semiurban,362300,7133.333333333333,0.01968902382923912,Medium,Yes
239,Male,No,0.0,Graduate,No,433300,0,132000,480.0,1.0,Urban,433300,3300.0,0.007615970459266097,Medium,Yes
240,Male,No,0.0,Not Graduate,No,384400,0,210000,360.0,1.0,Urban,384400,7000.0,0.018210197710718003,Medium,Yes
241,Male,Yes,0.0,Graduate,No,388700,151700,210000,360.0,0.0,Semiurban,540400,7000.0,0.012953367875647668,High,No
242,Male,Yes,0.0,Graduate,No,351000,82800,210000,360.0,1.0,Semiurban,433800,7000.0,0.016136468418626097,Medium,Yes
243,Male,Yes,0.0,Graduate,,253900,170400,250000,360.0,0.0,Rural,424300,8333.333333333334,0.01964019168827088,High,No
244,Female,No,0.0,Not Graduate,No,210700,0,128000,360.0,1.0,Semiurban,210700,4266.666666666667,0.020249960449296,Medium,Yes
245,,Yes,0.0,Graduate,No,318600,314500,300000,180.0,0.0,Semiurban,633100,20000.0,0.0315905860053704,High,No
246,Male,Yes,2.0,Graduate,Yes,500000,216600,300000,360.0,1.0,Urban,716600,10000.0,0.013954786491766676,Medium,Yes
247,Male,Yes,,Graduate,No,1000000,0,0,360.0,1.0,Urban,1000000,0.0,0.0,Medium,Yes
248,Male,Yes,0.0,Not Graduate,Yes,394300,0,128000,360.0,1.0,Semiurban,394300,4266.666666666667,0.010820863978358273,Medium,Yes
249,Male,No,0.0,Graduate,No,292500,0,80000,180.0,1.0,Rural,292500,5333.333333333333,0.018233618233618232,Medium,Yes
250,Male,Yes,4.0,Graduate,No,324200,43700,284000,480.0,0.0,Urban,367900,7100.0,0.019298722478934494,High,No
251,Male,Yes,,Graduate,No,386300,0,140000,300.0,1.0,Semiurban,386300,5600.0,0.014496505306756407,Medium,Yes
252,Female,No,1.0,Graduate,No,402800,0,262000,360.0,1.0,Semiurban,402800,8733.333333333334,0.021681562396557434,Medium,Yes
253,Male,Yes,2.0,Graduate,No,401000,102500,240000,360.0,1.0,Urban,503500,8000.0,0.015888778550148957,Medium,Yes
254,Female,Yes,1.0,Graduate,No,371900,158500,228000,360.0,1.0,Urban,530400,7600.0,0.014328808446455505,Medium,Yes
255,Male,No,0.0,Graduate,,285800,0,246000,360.0,0.0,Rural,285800,8200.0,0.028691392582225334,High,No
256,Female,Yes,0.0,Graduate,No,383300,0,184000,360.0,1.0,Rural,383300,6133.333333333333,0.016001391425341332,Medium,Yes
257,Male,Yes,0.0,Graduate,No,333300,428800,320000,360.0,1.0,Urban,762100,10666.666666666666,0.013996413419061365,Medium,Yes
258,Male,Yes,0.0,Graduate,No,300700,372500,302000,360.0,1.0,Rural,673200,10066.666666666666,0.014953456129926717,Medium,Yes
259,Female,No,1.0,Graduate,,185000,458300,162000,360.0,0.0,Rural,643300,5400.0,0.008394217316959428,High,No
260,Male,Yes,4.0,Not Graduate,No,279200,261900,342000,360.0,1.0,Semiurban,541100,11400.0,0.021068194418776567,Medium,Yes
261,Male,Yes,0.0,Graduate,No,298200,155000,220000,360.0,1.0,Semiurban,453200,7333.333333333333,0.016181229773462782,Medium,Yes
262,Male,No,0.0,Graduate,No,341700,73800,200000,360.0,0.0,Rural,415500,6666.666666666667,0.016044925792218213,High,No
263,Male,Yes,1.0,Graduate,No,1884000,0,468000,360.0,1.0,Rural,1884000,15600.0,0.008280254777070064,Medium,Yes
264,Male,Yes,2.0,Graduate,No,299500,112000,368000,360.0,1.0,Rural,411500,12266.666666666666,0.029809639530174157,Medium,Yes
265,Male,No,,Graduate,No,357900,330800,276000,360.0,0.0,Semiurban,688700,9200.0,0.013358501524611587,High,No
266,Female,Yes,1.0,Not Graduate,No,383500,140000,224000,480.0,0.0,Urban,523500,5600.0,0.01069723018147087,High,No
267,Female,No,1.0,Not Graduate,No,385400,357500,234000,360.0,1.0,Rural,742900,7800.0,0.01049939426571544,Medium,Yes
268,Male,Yes,2.0,Graduate,No,583300,75000,98000,360.0,0.0,Rural,658300,3266.6666666666665,0.004962276570965618,High,No
269,Male,No,0.0,Graduate,No,350800,0,198000,360.0,1.0,Rural,350800,6600.0,0.018814139110604332,Medium,Yes
270,Female,Yes,3.0,Not Graduate,No,163500,244400,198000,360.0,1.0,Urban,407900,6600.0,0.016180436381466046,Medium,Yes
271,Female,No,0.0,Graduate,Yes,333300,391600,424000,360.0,1.0,Rural,724900,14133.333333333334,0.019496942106957283,Medium,Yes
272,Male,No,1.0,Graduate,No,2479700,0,480000,360.0,1.0,Semiurban,2479700,16000.0,0.00645239343468968,Medium,Yes
273,Male,Yes,2.0,Graduate,No,566700,44000,260000,360.0,0.0,Semiurban,610700,8666.666666666666,0.014191365100158287,High,No
274,Female,No,0.0,Graduate,No,350000,0,188000,360.0,0.0,Semiurban,350000,6266.666666666667,0.017904761904761906,High,No
275,Male,Yes,5.0,Graduate,No,277300,149700,216000,360.0,1.0,Semiurban,427000,7200.0,0.01686182669789227,Medium,Yes
276,Male,Yes,0.0,Graduate,,650000,0,288000,360.0,1.0,Urban,650000,9600.0,0.014769230769230769,Medium,Yes
277,Female,No,0.0,Graduate,No,576900,0,220000,180.0,1.0,Semiurban,576900,14666.666666666666,0.025423239151788294,Medium,Yes
278,Male,Yes,5.0,Not Graduate,,363400,91000,352000,360.0,0.0,Semiurban,454400,11733.333333333334,0.025821596244131457,High,No
279,,No,0.0,Graduate,No,2916700,0,370000,360.0,1.0,Semiurban,2916700,12333.333333333334,0.004228523102593113,Medium,Yes
280,Male,No,0.0,Graduate,No,216600,205700,244000,360.0,1.0,Semiurban,422300,8133.333333333333,0.019259610071828873,Medium,Yes
281,Male,Yes,0.0,Graduate,No,500000,0,252000,360.0,1.0,Rural,500000,8400.0,0.0168,Medium,Yes
282,Female,No,0.0,Graduate,No,553000,0,270000,360.0,0.0,Urban,553000,9000.0,0.0162748643761302,High,No
283,Male,No,0.0,Not Graduate,No,900000,0,244000,360.0,1.0,Rural,900000,8133.333333333333,0.009037037037037036,Medium,Yes
284,Female,Yes,2.0,Graduate,No,1000000,1166600,920000,360.0,1.0,Urban,2166600,30666.666666666668,0.014154281670205238,Medium,Yes
285,Male,Yes,1.0,Graduate,,875000,0,594000,360.0,1.0,Urban,875000,19800.0,0.02262857142857143,Medium,Yes
286,Male,Yes,0.0,Not Graduate,No,215700,273000,280000,360.0,0.0,Rural,488700,9333.333333333334,0.019098287974899396,High,No
287,Male,No,0.0,Graduate,,197200,434700,212000,360.0,1.0,Rural,631900,7066.666666666667,0.011183204093474706,Medium,Yes
288,Male,No,0.0,Graduate,No,498300,0,282000,360.0,1.0,Urban,498300,9400.0,0.018864138069436084,Medium,Yes
289,Male,Yes,1.0,Graduate,No,833300,400000,0,360.0,1.0,Urban,1233300,0.0,0.0,Medium,Yes
290,Male,Yes,0.0,Graduate,No,366700,200000,340000,360.0,1.0,Semiurban,566700,11333.333333333334,0.019998823598611846,Medium,Yes
291,Male,Yes,2.0,Graduate,No,316600,283300,290000,360.0,1.0,Urban,599900,9666.666666666666,0.01611379674390176,Medium,Yes
292,Male,No,0.0,Not Graduate,No,327100,0,180000,360.0,1.0,Rural,327100,6000.0,0.01834301436869459,Medium,Yes
293,Female,Yes,0.0,Graduate,No,224100,200000,176000,360.0,0.0,Urban,424100,5866.666666666667,0.013833215436610863,High,No
294,Male,Yes,1.0,Not Graduate,,179200,256500,256000,360.0,1.0,Urban,435700,8533.333333333334,0.019585341595899322,Medium,Yes
295,Female,Yes,0.0,Graduate,No,266600,0,168000,480.0,1.0,Semiurban,266600,4200.0,0.015753938484621154,Medium,Yes
296,,No,0.0,Graduate,No,647800,0,216000,360.0,1.0,Semiurban,647800,7200.0,0.011114541525162088,Medium,Yes
297,Male,No,0.0,Not Graduate,,380800,0,166000,360.0,1.0,Rural,380800,5533.333333333333,0.01453081232492997,Medium,Yes
298,Female,Yes,2.0,Not Graduate,No,372900,0,234000,360.0,1.0,Semiurban,372900,7800.0,0.02091713596138375,Medium,Yes
299,Male,Yes,2.0,Graduate,No,412000,0,256000,360.0,1.0,Rural,412000,8533.333333333334,0.020711974110032363,Medium,Yes
300,Male,Yes,1.0,Graduate,Yes,750000,0,150000,360.0,1.0,Urban,750000,5000.0,0.006666666666666667,Medium,Yes
301,Male,Yes,1.0,Graduate,,630000,0,250000,360.0,0.0,Urban,630000,8333.333333333334,0.013227513227513229,High,No
302,Female,No,,Graduate,Yes,1498700,0,354000,360.0,1.0,Rural,1498700,11800.0,0.007873490358310536,Medium,Yes
303,,Yes,1.0,Not Graduate,Yes,57000,212500,136000,360.0,1.0,Rural,269500,4533.333333333333,0.016821273964131106,Medium,Yes
304,Male,Yes,0.0,Graduate,No,260000,70000,192000,360.0,1.0,Semiurban,330000,6400.0,0.019393939393939394,Medium,Yes
305,Male,No,2.0,Not Graduate,No,273300,108300,360000,360.0,0.0,Semiurban,381600,12000.0,0.031446540880503145,High,No
306,Male,Yes,2.0,Graduate,Yes,750000,0,366000,360.0,1.0,Rural,750000,12200.0,0.016266666666666665,Medium,Yes
307,Male,Yes,2.0,Not Graduate,No,385900,0,242000,360.0,1.0,Rural,385900,8066.666666666667,0.02090351559125853,Medium,Yes
308,Male,Yes,1.0,Graduate,No,682500,0,324000,360.0,1.0,Rural,682500,10800.0,0.015824175824175824,Medium,Yes
309,Male,Yes,0.0,Graduate,No,370800,470000,264000,360.0,1.0,Semiurban,840800,8800.0,0.010466222645099905,Medium,Yes
310,Male,No,0.0,Graduate,No,531400,0,294000,360.0,1.0,Urban,531400,9800.0,0.018441851712457658,Medium,Yes
311,Female,No,5.0,Graduate,No,236600,527200,306000,360.0,0.0,Rural,763800,10200.0,0.01335428122545169,High,No
312,Male,No,,Graduate,No,206600,210800,208000,84.0,1.0,Urban,417400,29714.285714285714,0.07118899308645356,Medium,Yes
313,Male,Yes,2.0,Graduate,No,500000,0,298000,360.0,1.0,Rural,500000,9933.333333333334,0.019866666666666668,Medium,Yes
314,Female,No,0.0,Graduate,No,376700,0,268000,300.0,1.0,Urban,376700,10720.0,0.02845765861428192,Medium,Yes
315,Female,Yes,0.0,Graduate,No,785900,87900,330000,180.0,1.0,Semiurban,873800,22000.0,0.025177386129549097,Medium,Yes
316,Female,Yes,0.0,Graduate,No,428300,0,240000,360.0,1.0,Rural,428300,8000.0,0.018678496381041326,Medium,Yes
317,Male,Yes,0.0,Not Graduate,No,170000,290000,134000,360.0,0.0,Urban,460000,4466.666666666667,0.009710144927536232,High,No
318,,No,0.0,Not Graduate,No,476800,0,250000,360.0,1.0,Rural,476800,8333.333333333334,0.017477628635346756,Medium,Yes
319,Male,No,0.0,Graduate,No,308300,273800,240000,360.0,1.0,Urban,582100,8000.0,0.01374334306820134,Medium,Yes
320,Male,Yes,1.0,Graduate,No,266700,154200,296000,360.0,1.0,Rural,420900,9866.666666666666,0.02344183099706977,Medium,Yes
321,Female,Yes,0.0,Not Graduate,No,164700,176200,362000,360.0,1.0,Urban,340900,12066.666666666666,0.03539649946220788,Medium,Yes
322,Male,Yes,4.0,Graduate,No,340000,0,160000,120.0,1.0,Urban,340000,16000.0,0.047058823529411764,Medium,Yes
323,Male,No,1.0,Graduate,,1600000,500000,80000,360.0,1.0,Semiurban,2100000,2666.6666666666665,0.0012698412698412698,Medium,Yes
324,Male,Yes,0.0,Graduate,No,533300,0,180000,360.0,1.0,Rural,533300,6000.0,0.01125070316894806,Medium,Yes
325,Male,No,0.0,Graduate,No,287500,241600,190000,6.0,0.0,Semiurban,529100,380000.0,0.7182007182007182,High,No
326,Male,Yes,1.0,Not Graduate,,260000,61800,244000,360.0,1.0,Semiurban,321800,8133.333333333333,0.025274497617567847,Medium,Yes
327,Male,Yes,2.0,Graduate,No,504100,70000,300000,360.0,1.0,Urban,574100,10000.0,0.01741856819369448,Medium,Yes
328,Male,Yes,4.0,Graduate,Yes,695800,141100,300000,360.0,1.0,Rural,836900,10000.0,0.011948858883976581,Medium,Yes
329,Male,Yes,1.0,Graduate,No,350000,165800,208000,360.0,0.0,Semiurban,515800,6933.333333333333,0.013441902546206539,High,No
330,Male,Yes,0.0,Graduate,No,550900,0,286000,360.0,1.0,Rural,550900,9533.333333333334,0.017305016034368004,Medium,Yes
331,Male,Yes,3.0,Graduate,No,969900,0,600000,360.0,1.0,Urban,969900,20000.0,0.020620682544592227,Medium,Yes
332,Female,Yes,1.0,Not Graduate,No,362100,271700,342000,360.0,1.0,Urban,633800,11400.0,0.017986746607762703,Medium,Yes
333,Female,Yes,0.0,Graduate,No,470900,0,226000,360.0,1.0,Semiurban,470900,7533.333333333333,0.015997734834005805,Medium,Yes
334,Male,Yes,0.0,Graduate,No,151600,195100,70000,360.0,1.0,Semiurban,346700,2333.3333333333335,0.006730122103643881,Medium,Yes
335,Male,No,2.0,Graduate,No,240000,0,92000,360.0,1.0,Urban,240000,3066.6666666666665,0.012777777777777777,Medium,Yes
336,Female,No,0.0,Not Graduate,No,301500,200000,290000,360.0,0.0,Urban,501500,9666.666666666666,0.01927550681289465,High,No
337,Male,Yes,0.0,Graduate,No,229200,155800,238000,360.0,1.0,Urban,385000,7933.333333333333,0.020606060606060607,Medium,Yes
338,Male,Yes,1.0,Graduate,Yes,236000,335500,174000,240.0,1.0,Rural,571500,8700.0,0.015223097112860892,Medium,Yes
339,Female,No,0.0,Graduate,No,433300,233300,324000,360.0,0.0,Rural,666600,10800.0,0.016201620162016202,High,No
340,Male,Yes,0.0,Graduate,Yes,262300,483100,244000,180.0,1.0,Semiurban,745400,16266.666666666666,0.021822734996869687,Medium,Yes
341,Male,No,0.0,Graduate,Yes,397200,427500,374000,360.0,1.0,Rural,824700,12466.666666666666,0.015116608059496382,Medium,Yes
342,Male,Yes,3.0,Not Graduate,No,352200,0,162000,180.0,1.0,Rural,352200,10800.0,0.030664395229982964,Medium,Yes
343,Male,Yes,1.0,Graduate,No,470000,0,160000,360.0,1.0,Urban,470000,5333.333333333333,0.011347517730496453,Medium,Yes
344,Male,No,0.0,Graduate,No,685800,0,352000,360.0,1.0,Rural,685800,11733.333333333334,0.017108972489549918,Medium,Yes
345,Male,Yes,3.0,Graduate,No,833400,0,520000,360.0,1.0,Urban,833400,17333.333333333332,0.02079833613310935,Medium,Yes
346,Male,Yes,0.0,Graduate,No,339100,196600,266000,360.0,0.0,Rural,535700,8866.666666666666,0.016551552485844067,High,No
347,Male,No,0.0,Not Graduate,No,286800,0,140000,360.0,1.0,Urban,286800,4666.666666666667,0.016271501627150162,Medium,Yes
348,Male,Yes,2.0,Not Graduate,No,341800,138000,270000,360.0,1.0,Urban,479800,9000.0,0.018757815756565235,Medium,Yes
349,Male,Yes,0.0,Graduate,Yes,250000,29600,274000,300.0,1.0,Rural,279600,10960.0,0.039198855507868384,Medium,Yes
350,Male,Yes,2.0,Graduate,No,866700,0,508000,360.0,1.0,Rural,866700,16933.333333333332,0.019537710088073534,Medium,Yes
351,Male,No,0.0,Graduate,No,228300,1500000,212000,360.0,0.0,Rural,1728300,7066.666666666667,0.004088796312368609,High,No
352,Male,Yes,0.0,Graduate,No,581700,91000,218000,360.0,1.0,Urban,672700,7266.666666666667,0.010802239730439523,Medium,Yes
353,Male,Yes,0.0,Graduate,No,511900,376900,240000,360.0,1.0,Rural,888800,8000.0,0.009000900090009001,Medium,Yes
354,Male,Yes,3.0,Not Graduate,No,531600,18700,316000,180.0,0.0,Semiurban,550300,21066.666666666668,0.038282149130777154,High,No
355,Male,Yes,3.0,Graduate,No,760300,121300,394000,360.0,1.0,Urban,881600,13133.333333333334,0.014897156684815487,Medium,Yes
356,Male,Yes,1.0,Graduate,No,379100,193600,170000,360.0,1.0,Urban,572700,5666.666666666667,0.009894651068040277,Medium,Yes
357,Male,No,0.0,Graduate,No,250000,0,120000,360.0,1.0,Urban,250000,4000.0,0.016,Medium,Yes
358,Male,Yes,2.0,Not Graduate,No,313200,0,152000,360.0,0.0,Rural,313200,5066.666666666667,0.016177096636866752,High,No
359,Male,No,0.0,Graduate,No,400000,266700,304000,360.0,1.0,Semiurban,666700,10133.333333333334,0.0151992400379981,Medium,Yes
360,Female,Yes,0.0,Graduate,No,855000,425500,192000,360.0,0.0,Urban,1280500,6400.0,0.004998047637641547,High,No
361,Male,Yes,1.0,Graduate,No,226900,216700,198000,360.0,1.0,Semiurban,443600,6600.0,0.014878268710550046,Medium,Yes
362,Male,Yes,3.0,Not Graduate,Yes,400900,177700,226000,360.0,1.0,Urban,578600,7533.333333333333,0.013019933172024427,Medium,Yes
363,Male,Yes,0.0,Graduate,No,415800,70900,230000,360.0,1.0,Urban,486700,7666.666666666667,0.01575234572974454,Medium,Yes
364,Male,No,0.0,Graduate,No,325000,199300,252000,360.0,0.0,Semiurban,524300,8400.0,0.01602136181575434,High,No
365,Male,Yes,0.0,Graduate,No,500000,239300,316000,360.0,1.0,Rural,739300,10533.333333333334,0.014247711799449931,Medium,Yes
366,Male,No,0.0,Graduate,Yes,920000,0,196000,180.0,1.0,Rural,920000,13066.666666666666,0.014202898550724636,Medium,Yes
